Statistic,Value
R-squared,0.10286662546176006
RMSE,25444.666042097502
MAE,17212.26868528601
Observations,29575.0
Residual DF,29559.0
