Statistic,Value
R-squared,0.26359313758659175
RMSE,33180.93205519898
MAE,24670.32045106661
Observations,13070.0
Residual DF,13054.0
