Metric,Value
R-squared,0.21400283191230818
RMSE,23816.543868402205
MAE,15985.15959453588
